﻿<configs>
	<append xpath="/blocks/block[@name='radioHam']">
		<property name="Class" value="FastTravelRadio, FastTravel"/>
		<property name="DialogID" value="npcFastTravel" />
		<property name="TravelCostBase" value="10" />
		<property name="TravelCostPer100M" value="0" />
		<property name="TravelCostPersonalMultiplier" value="1.5" />
		<property name="TravelCostWaypointMultiplier" value="1.5" />
		<property name="SpawnHordeOnWaypointChance" value="0.5" />
	</append>
	<append xpath="/blocks/block[@name='helipad']">
		<property name="IndexName" value="Helipad" />
	</append>
</configs>
