<configs>
	<append xpath="/dialogs">
		<dialog id="npcFastTravel" startstatementid="npcTeleportRadio_page01">
			<!-- Statements -->
			<statement id="npcTeleportRadio_page01" text="npcTeleportRadio_statement_start">
				<response_entry id="teleportToTrader_01"/>
				<response_entry id="teleportToTrader_02"/>
				<response_entry id="teleportToTrader_03"/>
				<response_entry id="teleportToTrader_04"/>
				<response_entry id="pagenext2"/>
				<response_entry id="done"/>
			</statement>
			<statement id="npcTeleportRadio_page02" text="npcTeleportRadio_statement_start">
				<response_entry id="teleportToTrader_05"/>
				<response_entry id="teleportToTrader_06"/>
				<response_entry id="teleportToTrader_07"/>
				<response_entry id="teleportToTrader_08"/>
				<response_entry id="pagenext3"/>
				<response_entry id="pageprev1"/>
				<response_entry id="done"/>
			</statement>
			<statement id="npcTeleportRadio_page03" text="npcTeleportRadio_statement_start">
				<response_entry id="teleportToTrader_09"/>
				<response_entry id="teleportToTrader_10"/>
				<response_entry id="teleportToTrader_11"/>
				<response_entry id="teleportToTrader_12"/>
				<response_entry id="pagenext4"/>
				<response_entry id="pageprev2"/>
				<response_entry id="done"/>
			</statement>
			<statement id="npcTeleportRadio_page04" text="npcTeleportRadio_statement_start">
				<response_entry id="teleportToTrader_13"/>
				<response_entry id="teleportToTrader_14"/>
				<response_entry id="teleportToTrader_15"/>
				<response_entry id="teleportToTrader_16"/>
				<response_entry id="pagenext5"/>
				<response_entry id="pageprev3"/>
				<response_entry id="done"/>
			</statement>
			<statement id="npcTeleportRadio_page05" text="npcTeleportRadio_statement_start">
				<response_entry id="teleportToTrader_17"/>
				<response_entry id="teleportToTrader_18"/>
				<response_entry id="teleportToTrader_19"/>
				<response_entry id="teleportToTrader_20"/>
				<response_entry id="pagenext6"/>
				<response_entry id="pageprev4"/>
				<response_entry id="done"/>
			</statement>
			<statement id="npcTeleportRadio_page06" text="npcTeleportRadio_statement_start">
				<response_entry id="teleportToTrader_21"/>
				<response_entry id="teleportToTrader_22"/>
				<response_entry id="teleportToTrader_23"/>
				<response_entry id="teleportToTrader_24"/>
				<response_entry id="pageprev5"/>
				<response_entry id="done"/>
			</statement>
			<response id="pagenext2" text="xuiNext" nextstatementid="npcTeleportRadio_page02">
				<requirement type="Skill" id="visited_traders" requirementtype="Hide" value="4"/>
			</response>
			<response id="pagenext3" text="xuiNext" nextstatementid="npcTeleportRadio_page03">
				<requirement type="Skill" id="visited_traders" requirementtype="Hide" value="8"/>
			</response>
			<response id="pagenext4" text="xuiNext" nextstatementid="npcTeleportRadio_page04">
				<requirement type="Skill" id="visited_traders" requirementtype="Hide" value="12"/>
			</response>
			<response id="pagenext5" text="xuiNext" nextstatementid="npcTeleportRadio_page05">
				<requirement type="Skill" id="visited_traders" requirementtype="Hide" value="16"/>
			</response>
			<response id="pagenext6" text="xuiNext" nextstatementid="npcTeleportRadio_page06">
				<requirement type="Skill" id="visited_traders" requirementtype="Hide" value="20"/>
			</response>
			<response id="pageprev1" text="btnBack" nextstatementid="npcTeleportRadio_page01"/>
			<response id="pageprev2" text="btnBack" nextstatementid="npcTeleportRadio_page02"/>
			<response id="pageprev3" text="btnBack" nextstatementid="npcTeleportRadio_page03"/>
			<response id="pageprev4" text="btnBack" nextstatementid="npcTeleportRadio_page04"/>
			<response id="pageprev5" text="btnBack" nextstatementid="npcTeleportRadio_page05"/>
			<response id="teleportToTrader_01">
				<requirement type="Skill" id="visited_traders" requirementtype="Hide" value="0"/>
				<action type="Trader" id="teleportToTrader" value="0"/>
			</response>
			<response id="teleportToTrader_02">
				<requirement type="Skill" id="visited_traders" requirementtype="Hide" value="1"/>
				<action type="Trader" id="teleportToTrader" value="1"/>
			</response>
			<response id="teleportToTrader_03">
				<requirement type="Skill" id="visited_traders" requirementtype="Hide" value="2"/>
				<action type="Trader" id="teleportToTrader" value="2"/>
			</response>
			<response id="teleportToTrader_04">
				<requirement type="Skill" id="visited_traders" requirementtype="Hide" value="3"/>
				<action type="Trader" id="teleportToTrader" value="3"/>
			</response>
			<response id="teleportToTrader_05">
				<requirement type="Skill" id="visited_traders" requirementtype="Hide" value="4"/>
				<action type="Trader" id="teleportToTrader" value="4"/>
			</response>
			<response id="teleportToTrader_06">
				<requirement type="Skill" id="visited_traders" requirementtype="Hide" value="5"/>
				<action type="Trader" id="teleportToTrader" value="5"/>
			</response>
			<response id="teleportToTrader_07">
				<requirement type="Skill" id="visited_traders" requirementtype="Hide" value="6"/>
				<action type="Trader" id="teleportToTrader" value="6"/>
			</response>
			<response id="teleportToTrader_08">
				<requirement type="Skill" id="visited_traders" requirementtype="Hide" value="7"/>
				<action type="Trader" id="teleportToTrader" value="7"/>
			</response>
			<response id="teleportToTrader_09">
				<requirement type="Skill" id="visited_traders" requirementtype="Hide" value="8"/>
				<action type="Trader" id="teleportToTrader" value="8"/>
			</response>
			<response id="teleportToTrader_10">
				<requirement type="Skill" id="visited_traders" requirementtype="Hide" value="9"/>
				<action type="Trader" id="teleportToTrader" value="9"/>
			</response>
			<response id="teleportToTrader_11">
				<requirement type="Skill" id="visited_traders" requirementtype="Hide" value="10"/>
				<action type="Trader" id="teleportToTrader" value="10"/>
			</response>
			<response id="teleportToTrader_12">
				<requirement type="Skill" id="visited_traders" requirementtype="Hide" value="11"/>
				<action type="Trader" id="teleportToTrader" value="11"/>
			</response>
			<response id="teleportToTrader_13">
				<requirement type="Skill" id="visited_traders" requirementtype="Hide" value="12"/>
				<action type="Trader" id="teleportToTrader" value="12"/>
			</response>
			<response id="teleportToTrader_14">
				<requirement type="Skill" id="visited_traders" requirementtype="Hide" value="13"/>
				<action type="Trader" id="teleportToTrader" value="13"/>
			</response>
			<response id="teleportToTrader_15">
				<requirement type="Skill" id="visited_traders" requirementtype="Hide" value="14"/>
				<action type="Trader" id="teleportToTrader" value="14"/>
			</response>
			<response id="teleportToTrader_16">
				<requirement type="Skill" id="visited_traders" requirementtype="Hide" value="15"/>
				<action type="Trader" id="teleportToTrader" value="15"/>
			</response>
			<response id="teleportToTrader_17">
				<requirement type="Skill" id="visited_traders" requirementtype="Hide" value="16"/>
				<action type="Trader" id="teleportToTrader" value="16"/>
			</response>
			<response id="teleportToTrader_18">
				<requirement type="Skill" id="visited_traders" requirementtype="Hide" value="17"/>
				<action type="Trader" id="teleportToTrader" value="17"/>
			</response>
			<response id="teleportToTrader_19">
				<requirement type="Skill" id="visited_traders" requirementtype="Hide" value="18"/>
				<action type="Trader" id="teleportToTrader" value="18"/>
			</response>
			<response id="teleportToTrader_20">
				<requirement type="Skill" id="visited_traders" requirementtype="Hide" value="19"/>
				<action type="Trader" id="teleportToTrader" value="19"/>
			</response>
			<response id="teleportToTrader_21">
				<requirement type="Skill" id="visited_traders" requirementtype="Hide" value="20"/>
				<action type="Trader" id="teleportToTrader" value="20"/>
			</response>
			<response id="teleportToTrader_22">
				<requirement type="Skill" id="visited_traders" requirementtype="Hide" value="21"/>
				<action type="Trader" id="teleportToTrader" value="21"/>
			</response>
			<response id="teleportToTrader_23">
				<requirement type="Skill" id="visited_traders" requirementtype="Hide" value="22"/>
				<action type="Trader" id="teleportToTrader" value="22"/>
			</response>
			<response id="teleportToTrader_24">
				<requirement type="Skill" id="visited_traders" requirementtype="Hide" value="23"/>
				<action type="Trader" id="teleportToTrader" value="23"/>
			</response>
			<response id="done" text="dialog_trader_response_nevermind"/>
		</dialog>
	</append>
</configs>	