<configs>
	<append xpath="/entity_classes">
		<entity_class name="npcTeleportRadio" extends="npcTraderTemplate">
			<property name="Tags" value="entity,npc"/>
			<property name="Mesh" value="#@modfolder:Resources/trader.unity3d?npcHamRadio"/>
			<property name="NPCID" value="npcTeleportRadio"/>
			<property name="SizeScale" value=".2"/>
			<property name="LookAtAngle" value="0"/>
			<property name="NavObject" value="radioHam" />
			<effect_group name="Base Effects">
				<triggered_effect trigger="onSelfFirstSpawn" action="AttachPrefabToEntity" prefab="Entities/Electrical/radioHamPrefab" local_scale="5,5,5" local_rotation="0,0,0" local_offset="0,1.3,0"  parent_transform="Position"/>
			</effect_group>
		</entity_class>
	</append>
</configs>
