<configs>
	<append xpath="/gameevents">
		<action_sequence name="helicopter_horde">
			<property name="action_type" value="Game"/>
			<property name="allow_while_dead" value="false"/>
			<action class="SpawnEntity">
				<property name="entity_group" value="SleeperGSList"/>
				<property name="spawn_count" value="4"/>
				<property name="air_spawn" value="false"/>
				<property name="add_to_group" value="zombies"/>
				<property name="safe_spawn" value="true"/>
				<property name="min_distance" value="10"/>
				<property name="max_distance" value="20"/>
				<property name="spawn_type" value="WanderingHorde"/>
				<property name="is_aggressive" value="false" />
			</action>
		</action_sequence>
	</append>
</configs>
