<configs>
<append xpath="/recipes">

<recipe name="vehicleHindchassis" count="1" craft_area="workbench" tags="learnable,workbenchCrafting">
	<ingredient name="resourceSpring" count="5"/>
	<ingredient name="resourceForgedSteel" count="300"/>
	<ingredient name="resourceMechanicalParts" count="30"/>
	<ingredient name="resourceDuctTape" count="20"/>
	<ingredient name="resourceMetalPipe" count="25"/>
</recipe>
<recipe name="vehicleHindaccessories" count="1" craft_area="workbench" tags="learnable,workbenchCrafting">
	<ingredient name="resourceForgedSteel" count="50"/>
	<ingredient name="resourceMechanicalParts" count="10"/>
	<ingredient name="resourceLeather" count="30"/>
	<ingredient name="resourceElectricParts" count="30"/>
	<ingredient name="resourceHeadlight" count="2"/>
</recipe>
<recipe name="vehicleHindPlaceable" count="1" craft_area="workbench" craft_time="60" tags="workbenchCrafting">
	<ingredient name="resourceMechanicalParts" count="10"/>
	<ingredient name="vehicleHindaccessories" count="1"/>
	<ingredient name="vehicleHindchassis" count="1"/>
	<ingredient name="smallEngine" count="1"/>
	<ingredient name="carBattery" count="1"/>
</recipe>
</append>		
</configs>