<configs>

<!--Silence wheel bounce sounds -->
<set xpath="/Sounds/SoundDataNode[@name='vwheel_bounce']/AudioClip/@ClipName">@:Sounds/Misc/silencefiller.wav</set>
<!--Silence wheel slide sounds -->
<set xpath="/Sounds/SoundDataNode[@name='vwheel_slide']/AudioClip/@ClipName">@:Sounds/Misc/silencefiller.wav</set>

<append xpath="/Sounds">

<SoundDataNode name="hind_start"> <AudioSource name="@:Sounds/Prefabs/AudioSource_Vehicle.prefab"/>
<Noise ID="2" noise="11" time="3" muffled_when_crouched="0.5"/>
<AudioClip ClipName="#@modfolder:Resources/HindSounds.unity3d?hind_start"/>
<LocalCrouchVolumeScale value="1.0"/> <CrouchNoiseScale value="0.5"/> <NoiseScale value="1"/> <MaxVoices value="10"/> <MaxRepeatRate value="0.01"/> </SoundDataNode>

<SoundDataNode name="hind_stop"> <AudioSource name="@:Sounds/Prefabs/AudioSource_Vehicle.prefab"/>
<Noise ID="2" noise="11" time="3" muffled_when_crouched="0.5"/>
<AudioClip ClipName="#@modfolder:Resources/HindSounds.unity3d?hind_stop"/>
<LocalCrouchVolumeScale value="1.0"/> <CrouchNoiseScale value="0.5"/> <NoiseScale value="1"/> <MaxVoices value="10"/> <MaxRepeatRate value="0.01"/> </SoundDataNode>

<SoundDataNode name="hind_flying"> <AudioSource name="@:Sounds/Prefabs/AudioSource_Vehicle.prefab"/>
<AudioClip ClipName="#@modfolder:Resources/HindSounds.unity3d?hind_flying" Loop="true"/>
<LocalCrouchVolumeScale value="1.0"/> <CrouchNoiseScale value="0.5"/> <NoiseScale value="1"/> <MaxVoices value="10"/> <MaxRepeatRate value="0.01"/> </SoundDataNode>
</append>
</configs>