<configs>
<append xpath="/vehicles">
<vehicle name="vehicleHind"><!--6 Seater - 3 are mod ones-->
<property name="cameraDistance" value="15, 18"/>
<property name="cameraTurnRate" value=".2, .2"/>

<property name="steerRate" value="140"/>
<property name="steerCenteringRate" value="60"/>

<property name="tiltAngleMax" value="40"/>
<property name="tiltThreshold" value="2"/>
<property name="tiltDampening" value=".01"/>
<property name="tiltDampenThreshold" value="1"/>
<property name="tiltUpForce" value="1"/>

<property name="upAngleMax" value="60"/>
<property name="upForce" value=".5"/>

<property name="motorTorque_turbo" value="1400, 500, 1800, 850"/>
<property name="velocityMax_turbo" value="20.8, 10, 30, 18"/>
<property name="brakeTorque" value="3000"/>

<property name="airDrag_velScale_angVelScale" value=".998, .97"/>
<property name="waterDrag_y_velScale_velMaxScale" value="1.5, .9, 1"/>
<property name="waterLift_y_depth_force" value="1, .5, .1"/>

<property name="hornSound" value="vehicle/minibike/minibike_horn"/>

<property class="engine">
<property name="class" value="Engine"/>
<property name="slot_type" value="engine"/>
<property name="particleOn" value="p_on"/>
<property name="particleDamaged" value="p_damaged"/>
<property name="particleBroken" value="p_broken"/>
<property name="foodDrain" value=".003,.003"/>
<property name="fuelKmPerL" value="0.05"/>
<property name="gear1" value="
500,2500, -1400,800,0, 1500,9999,9999,
,
,
0, .5,  .45, .1,  -9, .1, .1, hind_flying,
-.1, .1,  .65, .7,  0, 9, .1, hind_flying
"/>
<property name="sound_start" value="hind_start"/>
<property name="sound_shut_off" value="hind_stop"/>
<property name="sound_no_fuel_shut_off" value="Vehicles/Gyrocopter/gyrocopter_sputter"/>
</property>

<property class="motor0">
<property name="engine" value="engine"/>
<property name="engineOffPer" value=".02"/>
<property name="rpmAccel_min_max" value="0.01, .2"/>
<property name="rpmMax" value="8"/>
<property name="rpmDrag" value=".993"/>
<property name="trigger" value="relative"/> 
<property name="type" value="spin"/> 
<property name="transform" value="Origin/TopPropellerJoint"/>
<property name="axis" value="1"/>
</property>

<property class="motor1">
<property name="engine" value="engine"/>
<property name="turbo" value="1.35"/>
<property name="rpmAccel_min_max" value="0.01, .2"/>
<property name="rpmMax" value="8"/>
<property name="rpmDrag" value=".991"/>
<property name="trigger" value="inputForward"/>
<property name="type" value="spin"/>
<property name="transform" value="Origin/BackPropellerJoint"/>
<property name="axis" value="2"/>
</property>

<property class="motor2">
<property name="engine" value="engine"/>
<property name="engineOffPer" value=".02"/>
<property name="turbo" value="1.35"/>
<property name="rpmAccel_min_max" value="0.01, .2"/>
<property name="rpmMax" value="8"/>
<property name="rpmDrag" value=".991"/>
<property name="trigger" value="relative"/>
<property name="type" value="spin"/>
<property name="transform" value="Origin/BackPropellerJoint"/>
<property name="axis" value="2"/>
</property>

<property class="force0">
<property name="trigger" value="motor0"/>
<property name="type" value="relative"/>
<property name="force" value="0, .1938 , 0"/>
<property name="ceiling" value="260, 280"/>
</property>

<property class="force1">
<property name="trigger" value="motor1"/>
<property name="type" value="relative"/>
<property name="force" value="0, 0, 0.12"/>
</property>

<property class="force2">
<property name="trigger" value="inputForward"/>
<property name="type" value="relative"/>
<property name="force" value="0, 0, 0.1"/>
</property>

<property class="force3">
<property name="trigger" value="inputStrafe"/>
<property name="type" value="relativeTorque"/>
<property name="force" value="0, .03, 0"/>
</property>
<property class="force4">
<property name="trigger" value="inputUp"/>
<property name="type" value="relative"/>
<property name="force" value="-.0005, .042, .0006"/>
</property>
<property class="force5">
<property name="trigger" value="inputDown"/>
<property name="type" value="relative"/>
<property name="force" value=".0006, -.042 , -.0005"/>
</property>

<property class="handlebars">
<property name="class" value="Steering"/>
<property name="steerMaxAngle" value="0"/>
<property name="IKHandLPosition" value="-0.0781, 1.3623, 0.2236"/>
<property name="IKHandLRotation" value="-85.6472, -59.8085, 175.7939"/>
<property name="IKHandRPosition" value="0.0359, 1.4392, 0.2335"/>
<property name="IKHandRRotation" value="83.2585, 90.3006, -170.2602"/>
</property>

<property class="seat0">
<property name="class" value="Seat"/>
<property name="pose" value="51"/>
<property name="position" value="0, 1.27, 5"/>
<property name="rotation" value="0, 0, 0"/>
<property name="exit" value=" 4.9,0,0 ~ 4.9,0,-1 ~ -.4,0,-2.8 ~ -.4,0,2.6 ~ -.4,2.1,0"/>
</property>

<property class="seat1">
<property name="class" value="Seat"/>
<property name="pose" value="51"/>
<property name="position" value="0, 1.47, 3"/>
<property name="rotation" value="0, -90, 0"/>
<property name="exit" value=" 4.9,0,0 ~ 4.9,0,-1 ~ -.4,0,-2.8 ~ -.4,0,2.6 ~ -.4,2.1,0"/>
</property>

<property class="seat2">
<property name="class" value="Seat"/>
<property name="pose" value="51"/>
<property name="mod" value="1"/>
<property name="position" value="0, 1.47, 0"/>
<property name="rotation" value="0, -90, 0"/>
<property name="exit" value=" 4.9,0,0 ~ 4.9,0,-1 ~ -.4,0,-2.8 ~ -.4,0,2.6 ~ -.4,2.1,0"/>
</property>

<property class="seat3">
<property name="class" value="Seat"/>
<property name="pose" value="51"/>
<property name="mod" value="1"/>
<property name="position" value="0, 1.47, 0"/>
<property name="rotation" value="0, 0, 0"/>
<property name="exit" value=" 4.9,0,0 ~ 4.9,0,-1 ~ -.4,0,-2.8 ~ -.4,0,2.6 ~ -.4,2.1,0"/>
</property>

<property class="seat4">
<property name="class" value="Seat"/>
<property name="pose" value="51"/>
<property name="mod" value="1"/>
<property name="position" value="0, 1.47, -2"/>
<property name="rotation" value="0, 90, 0"/>
<property name="exit" value=" 4.9,0,0 ~ 4.9,0,-1 ~ -.4,0,-2.8 ~ -.4,0,2.6 ~ -.4,2.1,0"/>
</property>

<property class="seat5">
<property name="class" value="Seat"/>
<property name="pose" value="51"/>
<property name="mod" value="1"/>
<property name="position" value="0, 1.47, -3"/>
<property name="rotation" value="0, 0, 0"/>
<property name="exit" value=" 4.9,0,0 ~ 4.9,0,-1 ~ -.4,0,-2.8 ~ -.4,0,2.6 ~ -.4,2.1,0"/>
</property>

<property class="fuelTank">
<property name="class" value="FuelTank"/>
<property name="capacity" value="500"/>
</property>

<property class="headlight">
<property name="class" value="Headlight"/>
<property name="transform" value="Origin/headlight"/>
<property name="bright" value=".75"/>
</property>

<property class="storage">
<property name="class" value="Storage"/>
</property>

</vehicle>
</append>
</configs>



